CarNumber;SURNAME
Y163O8161RUS;RICHARDSON
E432XX77RUS;ROSS
7184TT36RUS;MORGAN
X582HE161RUS;BAILEY
92918M178RUS;LOPEZ
H234YH197RUS;HOWARD
E40577152RUS;NELSON
707987163RUS;WRIGHT
K330T8197RUS;RIVERA
X786CO96RUS;REYES
C477M7161RUS;PARKER
O21997197RUS;KING
M592CH197RUS;NGUYEN
8182XX154RUS;SMITH
7830C8197RUS;MYERS
7066C8197RUS;DIAZ
M298CH161RUS;ROBINSON
8440XX154RUS;JONES
9371CE154RUS;BAKER
9182CE154RUS;CRUZ
83298C154RUS;RAMOS
Y7659C197RUS;MARTINEZ
8603T8154RUS;MITCHELL
O672E8197RUS;RUIZ
C903MC161RUS;WALKER
T7318T163RUS;HERNANDEZ
Y7719C197RUS;CHAVEZ
T011MY163RUS;SANDERS
H115YO163RUS;COOK
73467Y96RUS;BENNETT
H968HY161RUS;TURNER
Y654E8750RUS;GRAY
H963HY161RUS;CAMPBELL
7843C8197RUS;ADAMS
H958HY161RUS;RAMIREZ
708587163RUS;MORRIS
Y973O8197RUS;YOUNG
X786CO96RUS;GUTIERREZ
T870X7163RUS;GARCIA
8818C877RUS;HARRIS
7789KT197RUS;PETERSON
E28877161RUS;REED
9498KX178RUS;BROWN
99209X178RUS;MURPHY
9683EC178RUS;WHITE
Y353O8197RUS;FOSTER
E535MM199RUS;PATEL
7788KT197RUS;WARD
E807HE77RUS;ROGERS
M516CH161RUS;LONG
89587X197RUS;JIMENEZ
E645TH36RUS;KIM
7830C8197RUS;WILSON
M589CH197RUS;HILL
9698MO178RUS;COOPER
7177TT36RUS;ALLEN
O77997197RUS;MENDOZA
97987H178RUS;GONZALEZ
H957HY161RUS;HALL
T654HT96RUS;TAYLOR
Y965EE197RUS;WATSON
X758HY197RUS;TORRES
M0279X197RUS;SANCHEZ
H224X836RUS;PHILLIPS
O83797197RUS;PEREZ
H427YH197RUS;MARTIN
Y038E877RUS;CASTILLO
7826C8197RUS;RODRIGUEZ
E160YX77RUS;MORALES
82337X197RUS;HUGHES
K2807K154RUS;GREEN
T8008Y125RUS;ANDERSON
Y960EE197RUS;JAMES
7840C8197RUS;LEWIS
H837YK197RUS;CARTER
E42577152RUS;PRICE
O77997197RUS;BROOKS
M741T9152RUS;THOMPSON
E316EH197RUS;FLORES
T686EO197RUS;COLLINS
Y163O8161RUS;RICHARDSON
E432XX77RUS;ROSS
92918M178RUS;LOPEZ
